RUN_ID,PV_NAME,PV_CONTENT,PV_REASON
9e5c1872-3f8e-4ae5-85dc-c67a602d011e,SHIFT_WT_PV,Shift wt pv content = test,Because Test.
9e5c1872-3f8e-4ae5-85dc-c67a602d011e,NON_RESPONSE_WT_PV2,Shift wt pv content = test,Because Test.
9e5c1872-3f8e-4ae5-85dc-c67a602d011e,PV_3,Shift wt pv content = test,Because Test.
9e5c1872-3f8e-4ae5-85dc-c67a602d011e,PV_4,Shift wt pv content = test,Because Test.
9e5c1872-3f8e-4ae5-85dc-c67a602d011e,PV_5,Shift wt pv content = test,Because Test.
9e5c1872-3f8e-4ae5-85dc-c67a602d011e,PV_6,Shift wt pv content = test,Because Test.
9e5c1872-3f8e-4ae5-85dc-c67a602d011e,PV_7,Shift wt pv content = test,Because Test.
9e5c1872-3f8e-4ae5-85dc-c67a602d011e,PV_8,Shift wt pv content = test,Because Test.
9e5c1872-3f8e-4ae5-85dc-c67a602d011e,PV_9,Shift wt pv content = test,Because Test.
9e5c1872-3f8e-4ae5-85dc-c67a602d011e,PV_10,Shift wt pv content = test,Because Test.
9e5c1872-3f8e-4ae5-85dc-c67a602d011e,PV_11,Shift wt pv content = test,Because Test.
9e5c1872-3f8e-4ae5-85dc-c67a602d011e,PV_12,Shift wt pv content = test,Because Test.
9e5c1872-3f8e-4ae5-85dc-c67a602d011e,PV_13,Shift wt pv content = test,Because Test.
9e5c1872-3f8e-4ae5-85dc-c67a602d011e,PV_14,Shift wt pv content = test,Because Test.